{
  "total_matched_predictions": 6792,
  "total_bets": 3857,
  "win_rate": 87.81436349494426,
  "roi_percent": 78.94834035610285,
  "total_profit": 304503.74875348865,
  "mae": 3.3706508482332156,
  "average_edge": 0.22612841613663134,
  "clv_rate": 56.78739693757362
}