{
  "season": "2023-24",
  "total_matched_predictions": 4075,
  "total_bets": 2060,
  "win_rate": 79.66019417475728,
  "roi_percent": 61.98294748289877,
  "total_profit": 127684.87181477148,
  "total_wagered": 206000.0,
  "mae": 4.819492234171779,
  "average_edge": 0.23924900433128835,
  "clv_rate": 50.5521472392638,
  "deduplication_applied": true
}