{
  "season": "2024-25",
  "strategy": "optimal",
  "filters": {
    "exclude_stars": true,
    "star_count": 60,
    "edge_filter": "5-7 OR 10+ pts"
  },
  "total_matched_predictions": 3066,
  "total_bets": 230,
  "win_rate": 54.78260869565217,
  "roi_percent": 5.946543685832543,
  "total_profit": 1367.7050477414848,
  "total_wagered": 23000.0,
  "mae": 6.287515424396608,
  "average_edge": -0.24348224996738416,
  "medium_edge_bets": 191,
  "huge_edge_bets": 39
}