{
  "season": "2024-25",
  "approach": "walk_forward_validation",
  "temporal_leakage": false,
  "total_matched_predictions": 3793,
  "total_bets": 1109,
  "win_rate": 51.39765554553652,
  "roi_percent": 0.2780647066815587,
  "total_profit": 308.3737597098486,
  "total_wagered": 110900.0,
  "mae": 6.422614297838122,
  "average_edge": -0.2300080389928816,
  "clv_rate": 29.23807012918534
}