{
  "season": "2023-24",
  "approach": "walk_forward_validation",
  "temporal_leakage": false,
  "total_matched_predictions": 3832,
  "total_bets": 2606,
  "win_rate": 51.189562547966226,
  "roi_percent": 5.347484389148124,
  "total_profit": 13935.54431812001,
  "total_wagered": 260600.0,
  "mae": 8.826317320354907,
  "average_edge": 1.9695492161795407,
  "clv_rate": 68.0062630480167
}