{
  "season": "2024-25",
  "approach": "improved_edge_calculation",
  "edge_method": "probability_based_ev",
  "min_ev_threshold": 0.05,
  "total_matched_predictions": 3386,
  "total_bets": 3157,
  "win_rate": 51.56794425087108,
  "roi_percent": 0.5916715188440067,
  "total_profit": 1867.906984990529,
  "total_wagered": 315700.0,
  "mae": 8.832065547844064,
  "average_ev": 0.5343208196290947,
  "average_confidence": 0.39326590723280924
}