{
  "train_mae": 2.371971845626831,
  "train_rmse": 4.178254582429226,
  "train_r2": 0.8248693943023682,
  "val_mae": 3.4836695194244385,
  "val_rmse": 5.312401265741506,
  "val_r2": 0.768218457698822,
  "n_features": 98,
  "n_train": 854038,
  "n_val": 31664
}