{
  "baseline": {
    "approach": "baseline",
    "matched_predictions": 3793,
    "total_bets": 1109,
    "won_bets": 570,
    "lost_bets": 539,
    "pushed_bets": 0,
    "win_rate": 51.39765554553652,
    "total_wagered": 110900.0,
    "total_profit": 308.3737597098486,
    "roi": 0.2780647066815587,
    "mae": 6.422614297838122
  },
  "baseline_calib": {
    "approach": "baseline_calib",
    "matched_predictions": 3793,
    "total_bets": 1105,
    "won_bets": 581,
    "lost_bets": 524,
    "pushed_bets": 0,
    "win_rate": 52.579185520361996,
    "total_wagered": 110500.0,
    "total_profit": 2933.76432713454,
    "roi": 2.6549903412982263,
    "mae": 6.406946561677253
  },
  "two_stage": {
    "approach": "two_stage",
    "matched_predictions": 3793,
    "total_bets": 1808,
    "won_bets": 923,
    "lost_bets": 885,
    "pushed_bets": 0,
    "win_rate": 51.05088495575221,
    "total_wagered": 180800.0,
    "total_profit": -205.47182394380934,
    "roi": -0.1136459203229034,
    "mae": 6.811150109127744
  },
  "two_stage_calib": {
    "approach": "two_stage_calib",
    "matched_predictions": 3793,
    "total_bets": 1214,
    "won_bets": 640,
    "lost_bets": 574,
    "pushed_bets": 0,
    "win_rate": 52.71828665568369,
    "total_wagered": 121400.0,
    "total_profit": 3541.009066978139,
    "roi": 2.916811422552009,
    "mae": 6.435158597229127
  }
}