feature,importance
PRA_ewma10,0.39731023
PRA_L20_mean,0.26278228
PRA_L10_mean,0.04805162
PRA_ewma5,0.025589533
CTG_USG,0.013484586
MIN,0.0128559815
PRA_L5_mean,0.011642806
MIN_L5_mean,0.010620788
MIN_L20_mean,0.010490693
is_b2b,0.010297324
CTG_eFG,0.010288237
CTG_PSA,0.0102441665
FGA,0.009910157
MIN_L10_mean,0.009598039
CTG_AST_PCT,0.009531736
FTA,0.009464936
FG3A,0.009126225
FG_PCT,0.009120803
days_rest,0.008815773
PRA_L10_std,0.008766288
PRA_L20_std,0.008701215
PRA_trend,0.008683282
PRA_L5_std,0.008645489
CTG_TOV_PCT,0.008492738
MIN_lag7,0.008488139
PRA_lag7,0.008462716
MIN_lag3,0.007915099
games_last_7d,0.007890112
PRA_lag5,0.0077729025
MIN_lag1,0.007563632
MIN_lag5,0.0075176335
PRA_lag3,0.006721241
PRA_lag1,0.005153598
CTG_REB_PCT,0.0
